epoch,checkpoint,raw_score,exact_count,training_loss,validation_loss,loss_gap,score_pct
1,checkpoint-733,605,40,4.005294,2.84663,-1.158664,0.0605
2,checkpoint-1466,745,45,3.470146,2.904468,-0.5656780000000001,0.0745
3,checkpoint-2199,954,67,2.89165,2.780049,-0.11160099999999984,0.0954
4,checkpoint-2932,1282,97,2.140481,2.402484,0.262003,0.1282
5,checkpoint-3665,1954,165,1.52076,2.294457,0.7736970000000001,0.1954
6,checkpoint-4398,2231,194,0.898284,2.334492,1.4362080000000002,0.2231
7,checkpoint-5131,2296,204,0.504823,2.718288,2.213465,0.2296
